{
  "titulo": "Tarea 1: Red Neuronal para y = x\u00b2",
  "fecha": "2025-11-19T17:26:14.205856",
  "datos": {
    "n_samples": 1000,
    "x_rango": [
      -0.9907359480857849,
      0.9994353652000427
    ],
    "y_rango": [
      -0.0435311421751976,
      1.0152263641357422
    ]
  },
  "modelo": {
    "arquitectura": "Sequential",
    "parametros": 4353
  },
  "resultados": {
    "mse": 0.00040466198697686195,
    "rmse": 0.020116212043445506,
    "mae": 0.015977464616298676,
    "mse_train": 0.0004166620201431215,
    "mse_val": 0.0004331244563218206,
    "mae_train": 0.016226064413785934,
    "mae_val": 0.016503602266311646
  }
}