{
  "titulo": "Tarea 1: Red Neuronal para y = x\u00b2",
  "fecha": "2025-11-19T17:28:22.404716",
  "datos": {
    "n_samples": 1000,
    "x_rango": [
      -0.9907359480857849,
      0.9994353652000427
    ],
    "y_rango": [
      -0.0435311421751976,
      1.0152263641357422
    ]
  },
  "modelo": {
    "arquitectura": "Sequential",
    "parametros": 4353
  },
  "resultados": {
    "mse": 0.0004019831831101328,
    "rmse": 0.020049518276261225,
    "mae": 0.015953850001096725,
    "mse_train": 0.0004211454070173204,
    "mse_val": 0.0004129035514779389,
    "mae_train": 0.016430720686912537,
    "mae_val": 0.016043448820710182
  }
}